Name,Category,Rating,Reviews,Location_Area,Has_Website
Curators Coffee,Coffee Shop,4.5,1201,Vadodara,1
Coffee Clan,Cafe,4.4,1652,Vadodara,0
Kaffa Coffee Roasters,Coffee Shop,4.4,402,Vadodara,0
Cafe Bistro,Cafe,4.2,1904,Vadodara,1
The Tulip Touch Café,Art Cafe,4.5,2023,Vadodara,0
Soul Brew Coffee,Cafe,4.1,1333,Vadodara,1
Lionize Restro Cafe,Cafe,4.6,400,Vadodara,1
"Nothing Before Coffee - Akota, Vadodara",Coffee Shop,4.7,746,Vadodara,1
Coffee Yard,Coffee Shop,4.1,1087,Vadodara,0
The Signature Brew,Cafe,4.1,1867,Vadodara,0
The Table at Splatter,Cafe,4.2,581,Vadodara,0
Cafe WorkBrew,Cafe,4.3,265,Vadodara,1
Charmant The Heritage Cafe,Vegetarian Cafe And Deli,4.3,1219,Vadodara,0
Pefeteria - Gujarat's 1st Pet Cafe,Cafe,4.5,1625,Vadodara,1
First & Last Sip Cafe,Cafe,4.7,105,Vadodara,0
Devi's Coffee Bar,Cafe,4.5,230,Vadodara,0
Tea Post - A Place to Talk,Cafe,4.3,841,Vadodara,1
Urban Brewery,Cafe,4.3,366,Vadodara,0
PM's TEA BAR,Cafe,5.0,587,Vadodara,0
Meet Me Cafe – Private Cabin Cafe in Vadodara,Cafe,4.3,91,Vadodara,1
Benne Cafe- Classic Bengaluru Cuisine.,South Indian Restaurant,4.4,160,Vadodara,0
Cafe Bengaluru Alkapuri | Taste of Karnataka | South Indian Food,South Indian Restaurant,3.6,1323,Vadodara,0
Tea Post - Akota,Cafe,4.1,3301,Vadodara,1
Princely Cafe,Art Cafe,4.9,16,Vadodara,0
BERRY QUE CAFE 2.0,Cafe,4.9,133,Vadodara,0
Dev's Cafe,Cafe,4.8,27,Vadodara,0
Fitoor,Restaurant,4.5,1466,Vadodara,0
Cheers Cafeteria,Cafe,4.9,39,Vadodara,0
OM SHIVAAY CAFE,Restaurant,4.5,187,Vadodara,0
The Morsel Restaurant,Cafe,4.3,3408,Vadodara,1
The House of Makeba - Veg Family Dining Restaurant in Vadodara,Vegetarian Restaurant,4.5,839,Vadodara,1
La Patisserie 20,Cafe,4.1,378,Vadodara,1
22nd Parallel,South Indian Restaurant,4.4,8070,Vadodara,1
ThatPlace,Italian Restaurant,4.1,1654,Vadodara,0
Retro Bistro : The Fine Multi Cuisine Restaurant ( Vadodara ),Fine Dining Restaurant,4.3,3072,Vadodara,1
M-cube Cyber Cafe,Internet Cafe,4.6,38,Vadodara,0
GayLord Restaurant,Fast Food Restaurant,4.0,2447,Vadodara,0
New Freezeland Baroda,Fast Food Restaurant,4.1,609,Vadodara,0
Hocco Kitchen (OP Road),Fast Food Restaurant,4.1,6535,Vadodara,1
Club Offshore cafe & restaurant,Cafe,4.2,880,Vadodara,0
Raghuvanshi Cafe,Cafe,4.4,50,Vadodara,0
Jassi De Parathe,Punjabi Restaurant,4.4,11733,Vadodara,1
Zeste - World Cuisine Restaurant,Continental Restaurant,4.0,295,Vadodara,1
BOHO BLUES,Cafe,3.7,78,Vadodara,0
New Speedy Cyber Cafe,Internet Cafe,3.8,91,Vadodara,0
Tea cuppa cafe,Cafe,4.8,5,Vadodara,0
EMPIRE ACE,Fast Food Restaurant,4.1,1651,Vadodara,0
Cafe For Friends,Cafe,4.7,3,Vadodara,0
Aesthetic cafe,Cafe,0.0,0,Vadodara,0
URBAN FITNESS - AKOTA,Gym,4.8,207,Vadodara,1
She Fitness,Gym,4.8,92,Vadodara,0
Fit x Freak Gym,Gym,4.7,162,Vadodara,0
LION'S GIMNASIO (by shiv fitness),Gym,4.8,993,Vadodara,0
URBAN FITNESS (Shreeji enterprise),Gym,4.7,81,Vadodara,0
Equinox Workout Zone,Gym,4.6,126,Vadodara,1
Harox Fitness Box,Gym,5.0,40,Vadodara,1
Feel Fitness Gymnessium,Gym,4.9,295,Vadodara,1
VOLCANIC GYM,Gym,4.8,54,Vadodara,0
PROBODYLINE FITNESS,Gym,4.6,47,Vadodara,0
Gladiator gym and fitness,Gym,4.8,274,Vadodara,1
Trakko Fit the Executive Gym,Gym,4.6,59,Vadodara,1
Mid City Gym,Gym,4.3,31,Vadodara,0
Vision Fitness,Gym,4.9,1348,Vadodara,1
Majid Gym,Gym,4.7,229,Vadodara,0
Vision Fitness - Diwalipura,Gym,4.8,10,Vadodara,1
"Dantalaya Cosmetic Dental Clinic & Implant Centre, Vadodara",Dental Clinic,4.8,1155,Vadodara,1
Dr Amish Mehta's Chandan Dental,Dental Clinic,4.7,362,Vadodara,1
The Tooth Clinic Baroda,Dental Clinic,4.9,548,Vadodara,1
Dr. Hada dental and orthodontic clinic,Dental Clinic,5.0,324,Vadodara,1
Vivaan Dental Care,Dental Clinic,4.7,1122,Vadodara,1
"Nisha Dental Orthodontic,Cosmetic & Implant centre",Dental Clinic,5.0,287,Vadodara,1
Dental Spa,Dental Clinic,4.9,249,Vadodara,1
Dr. Anuj Barolia | Dentist Alkapuri,Dental Clinic,4.9,46,Vadodara,1
Om Narayan Dental Clinic,Dental Clinic,5.0,28,Vadodara,1
CBS Multispeciality Dent Care Akota Vadodara,Dental Clinic,4.9,61,Vadodara,1
Akota Multispeciality Dental Clinic Maxillofacial Surgery and Implant centre,Dental Clinic,4.9,40,Vadodara,1
Dr. Nirav's Dental World & Implant Centre,Dental Clinic,4.9,44,Vadodara,1
ALLURE AND BEARD STUDIO,Beauty Salon,4.7,1298,Vadodara,0
Reflexions Unisex Salon - Since 2007!,Beauty Salon,4.6,815,Vadodara,1
Unique Hair And Beauty Salon,Hair Salon,4.9,137,Vadodara,0
Enrich Salon Vadodara Alkapuri,Beauty Salon,4.9,1458,Vadodara,1
A-One Hair & Beauty Studio,Hair Salon,4.2,1061,Vadodara,1
My Saloon,Hair Salon,4.8,91,Vadodara,0
Iconiea Salon,Beauty Salon,4.6,475,Vadodara,1
Colorz The House Of Salon & Spa I Best Salon in Vadodara I Unisex Salon in Vadodara I,Hairdresser,4.9,294,Vadodara,1
Frenyz Couture & Salon,Designer Clothing Store,4.9,685,Vadodara,1
Dr. Dhairyaa Shah Multispeciality Dental Clinic,Dentist,4.9,128,Vadodara,0
Advantara Dental & Cosmetic Clinic [Formerly Faces],Dental Clinic,4.9,33,Vadodara,1
Beauty Mantra Salon & Academy,Beauty Salon,4.4,212,Vadodara,0
Dr.PATEL DENTAL CLINIC & IMPLANT CENTER,Dentist,5.0,27,Vadodara,1
RiteBite Dental,Dentist,5.0,43,Vadodara,0
Shreeji Dental Clinic by Dr.chintan sheth,Dental Clinic,4.7,44,Vadodara,0
Pk dental clinic,Dental Clinic,5.0,151,Vadodara,1
Essentials Esthetics Dental Cosmetic Clinic - Dentist Vadodara/Cosmetic Clinic/Skin Clinic/Best Dental clinic Vadodara,Dental Clinic,5.0,43,Vadodara,0
Nisha Dental clinic,Dental Clinic,4.3,12,Vadodara,1
Ideal Unisex Hair Salon,Hair Salon,4.5,76,Vadodara,0
AME SPA & SALON,Massage Spa,4.8,405,Vadodara,1
Hair Craft Unisex Salon,Hair Salon,5.0,7,Vadodara,0
"""AMBRAI SPA AND SALON"" BEST SPA IN VADODARA 100% RELAXING",Day Spa,4.8,140,Vadodara,1
Dental Solutions,Dentist,5.0,6,Vadodara,0
Dr Ashish Doshi's Clinic,Dentist,5.0,1,Vadodara,0
Alkapuri's Baroda Barber Unisex Salon,Hairdresser,5.0,2,Vadodara,0
Bless Spa and Salon,Spa,4.4,14,Vadodara,0
Scissors unisex salon,Hair Salon,3.4,5,Vadodara,0
Smart Look Gents Saloon,Hair Salon,3.0,2,Vadodara,0
Eden Spa and Salon,Spa,0.0,0,Vadodara,0
LIGHT HAIR SALOON,Hair Salon,0.0,0,Vadodara,0
U Cut\'s Unisex Salon,Hair Salon,0.0,0,Vadodara,0
GoMechanic - Baroda Auto Service Station,Auto Repair Shop,3.8,14,Vadodara,1
Akash Car Air Condition,Car Repair And Maintenance Service,4.6,52,Vadodara,0
GoMechanic - National Motors Garage,Auto Repair Shop,5.0,2,Vadodara,1
"A P MOTORS - Car AC Service & Repair, Battery Dealer, Vadodara",Auto Repair Shop,4.8,681,Vadodara,1
Medkart Pharmacy - Vallabh Chowk - Vadodara,Pharmacy,4.9,247,Vadodara,1
Rupali Medical & Provision Store,Pharmacy,4.9,86,Vadodara,0
Apollo Pharmacy Manisha Cross Road,Pharmacy,3.2,46,Vadodara,1
PHARMA WORLD || Chemist Store In Vadodara/Medical Store In Vadodara,Pharmacy,4.9,43,Vadodara,0
PATEL PHARMACY,Pharmacy,4.5,55,Vadodara,0
Medkart Pharmacy - Opp HDFC Bank Vasna - Vadodara,Pharmacy,4.8,220,Vadodara,1
Shubhechchha Pharmacy,Pharmacy,4.5,11,Vadodara,0
Sipmax Pharma,Pharmacy,4.6,10,Vadodara,1
Alkapuri Medicals,Pharmacy,4.3,29,Vadodara,0
Malani Pharmacy,Pharmacy,4.6,114,Vadodara,0
"Medkart Pharmacy - Radha Krishna Chowk, Akota - Vadodara",Pharmacy,4.9,344,Vadodara,1
"Medkart Pharmacy - High Tension Road, Subhanpura - Vadodara",Pharmacy,4.9,547,Vadodara,1
WellCure Pharmacy,Pharmacy,5.0,5,Vadodara,0
Shreeji Medical Stores,Pharmacy,3.8,12,Vadodara,0
"Medkart Pharmacy - Diwalipura, Vasna - Vadodara",Pharmacy,4.7,247,Vadodara,1
Apollo Pharmacy Akota,Pharmacy,3.9,27,Vadodara,1
"Medkart Pharmacy - BPC Road, Akota - Vadodara",Pharmacy,4.9,64,Vadodara,1
OM AAKASHDEEP CHEMIST 24 HRS,Pharmacy,3.3,24,Vadodara,0
Medkart Pharmacy - Sun Pharma Road - Vadodara,Pharmacy,4.9,74,Vadodara,1
Bansal Medicines,Pharmacy,4.5,11,Vadodara,0
New National Motor Garage,Auto Repair Shop,4.8,4,Vadodara,0
Khushboo Motor Garage,Car Repair And Maintenance Service,3.0,16,Vadodara,0
Valaji Medico,Pharmacy,3.9,8,Vadodara,0
BARODA MEDICAL AND PROVISION STORE,Pharmacy,3.9,16,Vadodara,0
Juvenas Bakery,Bakery,4.6,955,Vadodara,1
Dessertopia,Bakery,4.9,212,Vadodara,1
Le Fou Delights Central Kitchen,Bakery,4.8,103,Vadodara,1
Velvet Bakers,Bakery,4.2,853,Vadodara,0
Bake Me Happy,Bakery,5.0,87,Vadodara,0
The Cookie Co.,Bakery,4.5,226,Vadodara,1
Baked By Nini's - Akota,Bakery,4.2,237,Vadodara,1
Canadian Bakery,Bakery,4.8,287,Vadodara,0
Goodies Cafe (Racecourse),Bakery,4.0,1719,Vadodara,1
Shozo Bakers,Bakery,4.1,231,Vadodara,1
"Theobroma Bakery and Cake Shop - Vasna, Vadodara",Bakery,4.2,331,Vadodara,1
Muffins The Cake Shop,Bakery,4.0,125,Vadodara,1
Bakers Hub By AJ,Bakery,4.9,396,Vadodara,1
Shavi Cakes,Bakery,5.0,35,Vadodara,0
Pandyajee | Sweets | Farshan | Eatery | Dry Fruits | Confectinonry |,Bakery,4.7,168,Vadodara,1
Oven Magick,Bakery,3.9,577,Vadodara,1
The Baking Couture,Bakery,4.0,143,Vadodara,0
Uma Shankar Bakery,Bakery,4.3,39,Vadodara,0
SugarCloud By Monal,Bakery,5.0,52,Vadodara,0
Meera Bakery,Bakery,4.3,39,Vadodara,0
Bakingo,Bakery,3.9,40,Vadodara,1
The Baker Mumma,Bakery,4.8,8,Vadodara,0
Three Baker's,Bakery,4.6,17,Vadodara,0
NEW SHREEJI BAKERS ALKAPURI,Bakery,4.5,8,Vadodara,0
NAIRA CACKES AND BAKERS,Bakery,5.0,4,Vadodara,0
Baker’s den,Bakery,4.6,8,Vadodara,0
Thyme & Whisk,Continental Restaurant,4.4,2676,Vadodara,1
Barbeque Nation - Vadodara - Cine Mall,Barbecue Restaurant,4.4,10972,Vadodara,1
Anjoy,North Indian Restaurant,4.3,1395,Vadodara,1
Peshawri by Welcomhotel Vadodara,Mughlai Restaurant,4.4,1102,Vadodara,1
The Secret Kitchen,Modern Indian Restaurant,4.2,5310,Vadodara,1
Italian Affair,Italian Restaurant,4.4,1013,Vadodara,1
Spice Kraft Restaurant,North Indian Restaurant,4.1,827,Vadodara,0
Vibes The Bistro,Fine Dining Restaurant,4.8,606,Vadodara,1
Southa - Authentic South Indian Restaurant,South Indian Restaurant,4.6,1322,Vadodara,0
Lazeez,Mughlai Restaurant,4.1,1830,Vadodara,0
Mirch Masala Restaurant,North Indian Restaurant,4.2,3702,Vadodara,1
Kake Di Hatti Race Cource,Punjabi Restaurant,4.1,1483,Vadodara,0
Yaadgar Omlet,Restaurant,4.2,2689,Vadodara,0
"TGS SPA & SALON - Best Spa Centre, Spa Salon, Beauty Salon",Spa,4.8,452,Vadodara,1
Aviva spa,Massage Spa,4.9,259,Vadodara,0
SERENITY SPA ALKAPURI VADODARA,Spa,4.4,110,Vadodara,1
Royal Oak Spa Vadodara,Day Spa,4.6,183,Vadodara,1
Planet Spa,Spa,4.8,71,Vadodara,0
"Lavana Spa Alkapuri, Vadodara",Massage Spa,4.0,138,Vadodara,1
Turkish spa,Spa,4.6,41,Vadodara,0
VELVET SPA,Spa,4.4,39,Vadodara,1
Eva Thai Spa,Spa,4.1,47,Vadodara,1
Chiva-Som Spa,Spa And Health Club,4.5,48,Vadodara,0
Absolute Spa & Wellness,Massage Spa,5.0,10,Vadodara,0
Ancient Spa,Spa And Health Club,4.8,83,Vadodara,1
Spa Station Akota,Spa,4.7,406,Vadodara,1
POE The Health & Wellness Hub,Spa,4.9,106,Vadodara,0
"The Paradise Spa & Saloon - Akota, Vadodara",Spa,4.6,20,Vadodara,0
SERENITY SPA HOTEL REGENTA INN- Luxurious Massage Center Vadodara,Massage Spa,4.4,135,Vadodara,1
Buddha International Spa (BIS),Day Spa,3.7,152,Vadodara,0
Tik Tok Spa Vadodara,Spa,4.6,57,Vadodara,0
Zaitoon Spa - Best Spa Centre In Vadodara,Massage Spa,5.0,3,Vadodara,1
Alexa Luxury Night Spa,Massage Spa,4.9,29,Vadodara,1
Nest spa,Spa,5.0,39,Vadodara,1
B'Desi The Spa,Spa,4.6,21,Vadodara,1
SPA EXPRESS,Spa,4.8,18,Vadodara,0
Elassa Spa & Massage,Massage Spa,1.0,1,Vadodara,1
Relax 24 spa,Spa,3.9,15,Vadodara,1
CB Honey Hand Spa,Spa,4.2,17,Vadodara,0
Aqua Hamam Thai Spa,Day Spa,4.9,7,Vadodara,1
Essence Spa,Day Spa,5.0,1,Vadodara,0
Radiant Spa,Spa,5.0,3,Vadodara,0
King thai spa,Spa,4.3,59,Vadodara,0
7 Ocean Spa,Spa,5.0,1,Vadodara,0
Elite international spa,Spa,5.0,9,Vadodara,0
Can Rich SPA - Alkapuri,Facial Spa,3.7,32,Vadodara,1
Imperial Hamam Spa,Spa,4.0,4,Vadodara,0
H2O Spa & Wellness Center,Spa,3.7,3,Vadodara,0
Davinci Saloon And Spa,Spa,5.0,4,Vadodara,0
Nana Thai Spa,Spa,0.0,0,Vadodara,0
Roll the Naan,North Indian Restaurant,4.7,635,Vadodara,0
Absolute Bihari Cuisine,Restaurant,4.7,146,Vadodara,0
White Potato Restaurant,Eclectic Restaurant,4.0,2649,Vadodara,0
"Mad Over Grills, Manjalpur",Barbecue Restaurant,4.4,3534,Vadodara,0
Dawat Pure Veg Restaurant,Punjabi Restaurant,3.9,3000,Vadodara,0
Kake di hatti Manjalpur,Restaurant,4.4,356,Vadodara,0
Spice Nation,Punjabi Restaurant,4.1,5239,Vadodara,0
Tandoori Spice,North Indian Restaurant,4.7,227,Vadodara,0
La Milano Pizzeria: Best Pizza in Manjalpur | Vadodara,Pizza Restaurant,4.8,439,Vadodara,0
Kathiyawadi Village Multi Cuisine Restaurant (Manjalpur),Family Restaurant,4.7,1441,Vadodara,1
Dev Punjabi Khana,Restaurant,4.9,607,Vadodara,1
Old School Manjalpur,North Indian Restaurant,4.5,1954,Vadodara,0
22nd Parallel Manjalpur,South Indian Restaurant,4.3,1401,Vadodara,1
Asian Aroma- Pan Asian Cuisine,Restaurant,4.8,233,Vadodara,1
Green Potato Restaurant,South Indian Restaurant,4.3,285,Vadodara,1
Eat N' Joy Restaurant,Restaurant,4.7,76,Vadodara,0
Rajwadi Restaurant Dal Bhati Churma,Family Restaurant,4.4,46,Vadodara,0
Cafe NLC KOREAN RESTAURANT,Korean Restaurant,4.6,119,Vadodara,0
The Ocyent Pizza Manjalpur Vadodara,Pizza Restaurant,4.2,4575,Vadodara,0
Martino'z Pizza - Baroda,Pizza Restaurant,4.5,1120,Vadodara,1
The Kaur's Kitchen,Restaurant,4.7,844,Vadodara,1
Cafe desi videsi the food adda,Breakfast Restaurant,4.6,53,Vadodara,0
Ajay Hotel,North Indian Restaurant,4.1,1366,Vadodara,0
Grill Kitchen Manjalpur,Vegetarian Restaurant,4.1,803,Vadodara,1
Ghee Gud Manjalpur - आज Healthy! I Regional Cuisine Buffet,Buffet Restaurant,3.8,1041,Vadodara,1
"Ajay's Café Manjalpur, Vadodara",Fast Food Restaurant,4.9,75,Vadodara,1
Cafe Kanjivaram - Premium South Indian Restaurant,South Indian Restaurant,4.4,390,Vadodara,0
Aamhi Marathi,Marathi Restaurant,3.7,1096,Vadodara,1
"Nothing Before Coffee - Manjhalpur, Vadodara",Coffee Shop,4.9,259,Vadodara,1
Silver Restaurant,Punjabi Restaurant,4.0,954,Vadodara,0
Khakhi Restaurant,Gujarati Restaurant,3.8,571,Vadodara,0
Paakshala,Marathi Restaurant,4.4,104,Vadodara,0
Infi Pizzeria Manjalpur,Pizza Restaurant,4.4,1699,Vadodara,1
SWAGAT CORNER,North Indian Restaurant,4.2,1050,Vadodara,0
Kota Kachori Manjalpur,Restaurant,4.1,136,Vadodara,1
Veerji Malai Chaap Wale Vadodara,North Indian Restaurant,4.3,273,Vadodara,1
Indian Spices 4 u,Restaurant,4.0,202,Vadodara,0
gym lounge,Gym,4.7,362,Vadodara,0
SFV The GYM (SFW) Manjalpur,Gym,4.5,654,Vadodara,0
PURE GYM,Gym,4.8,150,Vadodara,0
The Scorpion Fitness,Gym,4.9,90,Vadodara,0
Urban Fitness Manjalpur,Gym,4.9,332,Vadodara,1
Hande Gym,Gym,4.1,177,Vadodara,0
CrossFit Gym,Gym,4.8,133,Vadodara,0
StarkFitness Gym / best gym in vadodara ajwa waghodia road,Fitness Center,4.8,802,Vadodara,0
Concept 1 Gym & Fitness,Gym,4.7,217,Vadodara,1
"Fitness Track Gym, Pratapnagar",Gym,4.7,1262,Vadodara,1
Health Club aka Gym,Gym,4.4,33,Vadodara,0
Aton Total Fitness Gym,Gym,4.6,238,Vadodara,1
Fitness Track Gym,Gym,4.6,682,Vadodara,1
All Fit Gym,Gym,4.9,289,Vadodara,0
The Maximum Fitness,Gym,4.1,65,Vadodara,0
2th Saver Dental Clinic(advanced dental care at affordable rates),Dental Clinic,5.0,118,Vadodara,1
Smiledente dental clinic and implant centre,Dental Clinic,4.9,68,Vadodara,0
Mangalam Multispeciality Dental Clinic,Dental Clinic,4.9,247,Vadodara,1
Dr. Dulari's Dental Care,Dental Clinic,4.9,68,Vadodara,0
Shreeji Digital Dental Care - Dr.Reshma J Nilak,Dental Clinic,4.9,67,Vadodara,1
Braces & Smile Superspeciality Clinic / Manjalpur's 1st Invisalign Aligner Provider,Dental Clinic,5.0,211,Vadodara,0
Premium Car Service In Vadodara,Auto Repair Shop,5.0,3,Vadodara,0
JM Autozone,Car Repair And Maintenance Service,4.9,17,Vadodara,1
MAHESH AUTO WORKSHOP,Car Repair And Maintenance Service,2.5,14,Vadodara,0
Car Aircon Car Ac Repair,Car Repair And Maintenance Service,4.8,365,Vadodara,0
Jay Jalaram Repairing Centre,Car Repair And Maintenance Service,4.8,5,Vadodara,0
Crown & Root Dental clinic,Dental Clinic,5.0,37,Vadodara,1
HEALTHY TEETH DENTAL CARE,Dental Clinic,5.0,5,Vadodara,1
"F2 An Ethnic Designer Studio | Best Kurta Shop, Wedding Wear, Ethnic Wear, and Traditional Outfits Shop in Vadodara",Clothing Store,4.8,285,Vadodara,1
The Clothing Unlimited (CU),Men'S Clothing Store,4.8,89,Vadodara,1
THE ULTIMATE,Clothing Store,4.9,287,Vadodara,0
Aaradhya Designer Wear & More - best store for ethnic wear,Clothing Store,4.8,713,Vadodara,0
Gorgeous Outfits,Women'S Clothing Store,4.8,136,Vadodara,0
Style Union - Alkapuri,Clothing Store,4.7,3978,Vadodara,1
Baroda Prints,Women'S Clothing Store,4.2,1871,Vadodara,1
COTTON PLUS || Best Clothing Shop | Mens Clothing Shop | Big Size Men Store In Vadodara,Men'S Clothing Store,4.9,159,Vadodara,1
The HUB,Men'S Clothing Store,4.8,4234,Vadodara,1
Shades,Clothing Store,4.5,1194,Vadodara,0
Sachin's,Men'S Clothing Store,4.6,481,Vadodara,1
RIVAAZ OUTLOOK,Clothing Store,4.7,100,Vadodara,1
"NEWME - Vadodara, Alkapuri",Clothing Store,4.8,94,Vadodara,1
Style Union - Racecourse Road,Clothing Store,4.7,6899,Vadodara,1
Clothes Cafe,Clothing Store,4.6,615,Vadodara,0
SEQUINZE INDIA,Clothing Store,4.1,1385,Vadodara,0
Gj5 Fashion By Jeeja Fashion Vadodara 𝗹 𝗦𝗵𝗲𝗿𝘄𝗮𝗻𝗶 𝗼𝗻 𝗥𝗲𝗻𝘁 𝗹 𝗕𝗿𝗶𝗱𝗮𝗹 𝗖𝗵𝗼𝗹𝗶 𝗼𝗻 𝗥𝗲𝗻𝘁 𝗹 𝗕𝗲𝘀𝘁 𝗪𝗲𝗱𝗱𝗶𝗻𝗴 𝗖𝗼𝗹𝗹𝗲𝗰𝘁𝗶𝗼𝗻 𝗼𝗻 𝗥𝗲𝗻𝘁,Clothing Store,4.7,2001,Vadodara,1
Rutu's Couture - Best Designer Boutique | Top Designer Clothing Store | Customize Boutique | Wedding Collection Shop Vadodara,Boutique,4.2,95,Vadodara,1
"Fashion Cube Vadodara-Women's Clothing,Designer Wear Dresses Kurties Chaniya Choli,boutique,indo Western Palazzo suits,sarara",Women'S Clothing Store,4.6,49,Vadodara,0
"Cotton House ( Best Clothing Shops, Readymade Garments Shop, Mens And Women Clothing Shop )",Clothing Store,4.4,158,Vadodara,1
Baked By Nini's - Manjalpur,Bakery,4.7,453,Vadodara,1
"Theobroma Bakery and Cake Shop - Manjalpur, Vadodara",Bakery,4.0,243,Vadodara,1
UR Choice_BR Foods,Bakery,4.9,40,Vadodara,0
The Bakery planet,Bakery,4.9,32,Vadodara,0
Amit Bakery,Bakery,4.3,73,Vadodara,0
Atul Bakery | Manjalpur | Vadodara,Bakery,4.3,379,Vadodara,1
Balaji Bakers - (vadodara) Uma Cross Road,Bakery,4.7,867,Vadodara,1
Mr Cakes Vadodara,Bakery,4.9,465,Vadodara,0
Cake Connection-Live Cake : Online Cake Delivery in Vadodara,Bakery,4.6,685,Vadodara,1
Shree Surti Bakery,Bakery,4.2,486,Vadodara,1
"Supreme Bakers – Fresh Cakes, Breads & Custom Bakes",Bakery,4.3,10,Vadodara,1
Vimal Bakery,Bakery,4.4,795,Vadodara,0
Atul Bakery | Pratap Nagar | Vadodara,Bakery,4.3,203,Vadodara,1
The Chocolate Room - Best Cake | Desserts | Pizza and Pasta | Premium Chocolates Shop in Manjalpur Vadodara,Bakery,4.3,1007,Vadodara,0
The BAKERS BAR(manjalpur),Bakery,4.0,29,Vadodara,1
Mr. Puff Tulsidham Char Rasta,Bakery,3.7,114,Vadodara,1
FUNTAASH NAMKIN & BHUMI BAKERS,Bakery,3.3,3,"Vishwamitri, Vadodara",0
The Cake Love,Bakery,4.2,26,Vadodara,0
Brand Clothing Vadodara,Men'S Clothing Store,4.8,491,Vadodara,1
Mens Crown : Mens Clothing Store,Men'S Clothing Store,4.8,233,Vadodara,0
"Cloth's Hub || Best Men's Clothing Store In Manjalpur, Gents Readymade Garments In Manjalpur, Men's Ethnic Wear In Manjalpur",Men'S Clothing Store,4.7,18,Vadodara,0
The Empower- Clothing Brand,Women'S Clothing Store,5.0,38,Vadodara,0
The Brand Clothing Store Vadodara,Men'S Clothing Store,4.7,257,Vadodara,1
LOFFER Men’s Wear,Men'S Clothing Store,4.3,214,Vadodara,0
Maal Wear,Men'S Clothing Store,4.9,38,Vadodara,0
RADHE JAIPURI CLOTHING BRAND,Clothing Store,5.0,12,Vadodara,1
Kids Clothing Vadodara,Baby Clothing Store,4.8,19,Vadodara,1
The Raymond shop,Clothing Store,4.6,61,Vadodara,1
Baby Kingdom Vadodara Manjalpur,Baby Store,4.8,741,Vadodara,0
"Soch at Eva Mall, Vadodara",Women'S Clothing Store,4.9,247,Vadodara,1
"Jodhpur Rajgharana wedding store vadodara || || Royal Wedding Store, Rajputi Wedding Store, Rajwadi Wedding Store",Designer Clothing Store,4.9,179,Vadodara,0
The Vintage Creation,Clothing Store,5.0,51,Vadodara,0
SAI NX,Women'S Clothing Store,4.9,681,Vadodara,0
Ashiyana new born baby and Kids,Baby Clothing Store,4.8,175,Vadodara,0
Shree Vardaay Creation,Men'S Clothing Store,5.0,101,Vadodara,0
NO NEXT - VADODARA (MANJALPUR),Clothing Store,4.9,170,Vadodara,1
Highlander Store - Eva The Mall Vadodara,Clothing Store,4.8,1791,Vadodara,0
EasyBuy,Clothing Store,4.8,136,Vadodara,1
"Bhagyoday Apparels || Top Clothing Shop, Ladies Readymade Clothing Store, Ladies Ethnic Wear",Clothing Store,4.6,167,Vadodara,1
"Westside - EVA Mall, Baroda",Clothing Store,3.5,118,Vadodara,1
Ratnakar Nx (Manjalpur),Clothing Store,4.7,113,Vadodara,0
"Greenfibre Menswear Store - Manjalpuz, Vadodara",Men'S Clothing Store,4.5,49,Vadodara,1
Mufti,Clothing Store,4.7,26,Vadodara,1
HIGH STREET : Men's Clothing Store,Men'S Clothing Store,5.0,2,Vadodara,1
Jhalak Kalpi,Clothing Store,4.5,862,Vadodara,1
Pandav Ethnic Studio,Designer Clothing Store,4.3,675,Vadodara,1
OneWay Vadodara,Clothing Store,4.0,148,Vadodara,0
"Serene Salon & Academy | Hair, Beauty, Nail & Bridal Makeup Studio | Best Ladies Salon in Manjalpur, Vadodara",Beauty Salon,5.0,1276,Vadodara,1
"Liberty Hair Salon, Manjalpur",Hair Salon,4.6,194,Vadodara,0
Tress Edit Salon,Beauty Salon,4.8,391,Vadodara,1
A One Hair & Beauty Studio - Manjalpur,Hair Salon,3.9,999,Vadodara,1
Girl's Avenue - Salon & Academy,Beauty Salon,4.9,222,Vadodara,0
The Big Bang Salon & Bridal Studio | Makeup Artist & Bridal Makeup in Vadodara | Unisex Salon,Beauty Salon,4.8,2979,Vadodara,1
Enrich Salon Eva Mall,Beauty Salon,4.8,2240,Vadodara,1
HEvanjnnm,Beauty Salon,4.9,897,Vadodara,1
"""Raj Hair Dresser"".",Hair Salon,4.4,93,Vadodara,0
"Go Colors - Eva The Mall, Vadodara | Women's Bottom Wear Store",Clothing Store,4.6,16,Vadodara,1
Fitness connection Gym,Gym,4.6,572,Vadodara,0
The Dojo MMA & Fitness,Gym,4.7,99,Vadodara,0
"Medkart Pharmacy - Post Office, Manjalpur - Vadodara",Pharmacy,4.8,144,Vadodara,1
Fairprice Pharmacy ( ONGC Approved),Pharmacy,3.3,42,Vadodara,0
"Medkart Pharmacy - Dhanlakshmi Complex, Manjalpur - Vadodara",Pharmacy,5.0,115,Vadodara,1
Sheetal Medical & Provision Store,Pharmacy,3.7,82,Vadodara,0
Medkart Pharmacy - Navapura - Vadodara,Pharmacy,4.7,245,Vadodara,1
GenLyfe Pharmacy,Pharmacy,4.9,60,Vadodara,0
Central Pharmacy & surgical,Pharmacy,5.0,7,Vadodara,0
Ashapura Medical & General Store,Pharmacy,5.0,11,Vadodara,0
A Roy & Co Medical store,Pharmacy,4.4,220,Vadodara,0
"Medkart pharmacy - Manjalpur, Vadodara",Pharmacy,0.0,0,Vadodara,1
A-1 MEDICAL 24X7 Raopura,Pharmacy,5.0,118,Vadodara,0
Perfect Cutz Unisex Salon & KORIYA bliss bridal studio,Hair Salon,4.7,154,Vadodara,0
Radiance Spa and Salon,Beauty Salon,4.7,332,Vadodara,1
Elegance Family Salon,Hair Salon,4.5,156,Vadodara,0
Hair Saint,Hair Salon,4.6,622,Vadodara,1
Happy Kids And Family Dental Clinic,Dental Clinic,4.9,980,Vadodara,1
"DR SHEETAL BHANUSHALI - BDS MDS | CHILDREN DENTIST |, | KIDS DENTIST | VADODARA",Dental Clinic,4.9,78,Vadodara,1
Mehta Dental Clinic,Dental Clinic,4.9,85,Vadodara,0
Bling Spa (Spa In Vadodara),Spa,4.7,63,Vadodara,1
Spa Station Makarpura,Spa,4.6,484,Vadodara,1
"Oceanic Spa - Spa In Vadodara, Gujrat",Spa,4.7,153,Vadodara,1
Royal Spa,Health Spa,4.5,8,Vadodara,1
SAFAL SPA - SPA IN Manjalpur,Spa,4.2,10,Vadodara,1
"Spa Nest - Vadodara, Gujarat",Spa,4.7,276,Vadodara,1
Stone Spa,Spa,4.6,9,Vadodara,1
WILDFLOWER SPA AT SAYAJI HOTEL VADODARA,Spa,4.9,48,Vadodara,1
Sure Smile Orthodontic & Multispeciality Dental Clinic l Aligners & Braces Clinic l Dental Implants l Cosmetic Dentist,Dental Clinic,5.0,67,Vadodara,1
UNIQUE HAIR SALON,Beauty Salon,4.4,17,Vadodara,0
Krupa beauty clinic,Beauty Salon,4.8,286,Vadodara,1
IN EDGE,Hair Salon,5.0,38,Vadodara,0
Helly Beauty care,Beauty Salon,4.7,585,Vadodara,0
Hitesh Hair Saloon,Hair Salon,4.2,103,Vadodara,0
A One Hair and Beauty Saloon,Hair Salon,4.2,5,Vadodara,0
Hitesh The Ultimate Saloon,Hair Salon,5.0,1,Vadodara,0
Priti Beauty Clinic & Spa(Only Ladies Parlour),Beauty Salon,4.3,80,Vadodara,1
𝗠𝗶𝘀𝗵𝗮𝘆 𝗛𝗼𝘀𝗽𝗶𝘁𝗮𝗹 - Cough treatment| Allergy| Sleep| Asthma Specialist| Pneumonia| Best Dentist| Root canal| Dental implant,Dentist,4.9,179,Vadodara,1
Dr. Gaurang Mehta,Dentist,4.2,10,Vadodara,0
Reclaim Fitness Solutions For Women,Gym,4.9,110,Vadodara,1
Reclaim exclusive fitness studio,Gym,4.9,65,Vadodara,1
RK Fitness Club,Gym,5.0,198,Vadodara,1
Fit Or Fight Gym,Gym,4.6,18,Vadodara,0
Mudra's Dental Care,Dental Clinic,4.9,40,Vadodara,1
"Kiansh Dental Clinic And Implant Centre - Best Dentist in Manjalpur | Braces, Painless RCT",Dental Clinic,4.9,332,Vadodara,1
Magic Touch The Family Spa,Spa,3.7,14,Vadodara,0
The Purple Spa & Hair Pamper,Spa,0.0,0,Vadodara,0
The Heaven Spa,Spa And Health Club,4.3,6,Vadodara,0
Santosh hair set,Hair Salon,3.5,6,Vadodara,0
A&J Salon,Hair Salon,4.9,164,Vadodara,0
Yogiraj The Unisex Salon,Hair Salon,4.8,145,Vadodara,1
Honest Hair Art,Hair Salon,4.6,132,Vadodara,0
Blossom Unisex Salon,Hair Salon,4.8,36,Vadodara,0
A Plus Unisex Hair & Beauty Salon,Hair Salon,4.9,87,Vadodara,0
Just Baked by Reena,Bakery,5.0,28,Vadodara,0
BAKESTER - The Home of Good Baking,Bakery,5.0,14,Vadodara,0
Mr. Puff Manjalpur,Bakery,3.8,158,Vadodara,1
𝗟𝗮 𝗕𝗲𝗹𝗹𝗲𝘇𝗮 𝗧𝗵𝗲 𝗖𝗮𝗸𝗲 𝗠𝗮𝗹𝗹 - Cake Shop | Customized Cake Shop | Online Cake Delivery,Bakery,4.1,41,Vadodara,1
NIRVANA SPA,Massage Spa,4.9,84,Vadodara,0
Karmora Spa - Best Spa In Vasna Bhayli Vadodara,Spa,4.3,69,Vadodara,1
ZARAA INTERNATIONAL SPA,Massage Spa,4.4,102,Vadodara,1
ANGAR FITNESS ARENA,Gym,5.0,16,Vadodara,1
Unity Fitness Hub,Gym,4.5,42,Vadodara,0
Rambo Strength & Fitness,Gym,4.3,68,Vadodara,1
Kanha fitness,Gym,5.0,42,Vadodara,0
Leocor Gym & Fitness,Gym,4.6,198,Vadodara,1
Gymnation,Gym,4.9,222,Vadodara,0
One Stop Carz,Car Repair And Maintenance Service,4.2,336,Vadodara,1
B2 MOTORS,Car Repair And Maintenance Service,4.7,24,Vadodara,0
myTVS Car Garage | Vadsar Land,Auto Repair Shop,4.7,75,Vadodara,1
EUROREPAR Car Service - Vadodara,Car Repair And Maintenance Service,5.0,2,Vadodara,0
BAHUCHAR AUTO SERVICE STATION,Auto Repair Shop,4.0,1,Vadodara,0
Car Service Centre In Vadodara,Auto Repair Shop,4.2,5,Vadodara,0
Medkart Pharmacy - Vadsar - Vadodara,Pharmacy,5.0,16,Vadodara,1
SHREE CHAMUNDA MEDICAL & GENRAL STORE,Pharmacy,5.0,28,Vadodara,0
"Al Makkah Medical, Tandalja, Vadodara (Pharmacy & Wellness Store)",Pharmacy,4.9,117,Vadodara,1
"Atul Bakery | Vadsar , Vadodara",Bakery,4.6,53,Vadodara,1
Balaji - The Gym,Gym,4.7,242,Vadodara,0
Revolution fitness,Gym,4.5,129,Vadodara,0
"Fitness Track Gym ( Best Gym & Fitness Center In Waghodia Road , Vadodara )",Gym,4.7,1166,Vadodara,1
The Eagle Fitness Gym,Fitness Center,4.8,240,Vadodara,1
Lion's Gym,Gym,4.8,134,Vadodara,0
Dhal's Pro-Fitness Gym,Gym,4.8,107,Vadodara,0
KESHAAV DENTAL CLINIC AND IMPLANTS,Dental Clinic,5.0,15,Vadodara,1
"PDC DENTAL CLINIC - Pediatric, Orthodontic & Family Dental Care",Dental Clinic,4.9,666,Vadodara,1
"Navkar Dental Care, World's Lowest Price Relief Rate Best Dental Treatments, Dr. Aakash Shah M.D.S. (Ortho.)",Dental Clinic,4.6,67,Vadodara,1
Swastik Dental And Face Hospital,Dental Clinic,5.0,235,Vadodara,1
Desai Dental Care (Dr. Priyal Desai),Dental Clinic,5.0,129,Vadodara,0
Dr Ila Parmar Ongc Panel Dentist Om Narayan Dental & Implant Clinic,Dental Clinic,4.9,315,Vadodara,1
Vraj Group of Dental Clinics Raopura,Dental Clinic,4.9,412,Vadodara,1
Health First Pharmacy,Oriental Medicine Store,4.1,9,Vadodara,0
Sai Pharmacy,Pharmacy,4.2,13,Vadodara,0
"Medkart Pharmacy - Baroda Dairy, Makarpura - Vadodara",Pharmacy,4.9,290,Vadodara,1
Vraj Dental Clinic | Dentist| Dental Surgeon| Dental Implantology| Cosmetic Dentist,Dental Clinic,4.9,164,Vadodara,1
Sapphire Dental Solutions,Dental Clinic,4.9,34,Vadodara,1
ADC - Anjali Dental Clinic - Dr. Harsh Thakar,Dental Clinic,5.0,78,Vadodara,1
Shree Radhe Dental Clinic,Dental Clinic,5.0,177,Vadodara,1
Damani Dental Care & Implant Centre,Dental Clinic,5.0,80,Vadodara,0
Maruti Suzuki Authorised Service (Dream Machines),Car Repair And Maintenance Service,4.4,227,Vadodara,1
Jivandeep Ayurvedic Medicines Store (Old Name Dhanvantari Ayurvedic medicine store),Pharmacy,4.9,277,Vadodara,0
Uma Medical,Pharmacy,4.5,237,Vadodara,0
SHREE AMRIT MEDICAL & GENERAL STORE,Pharmacy,4.8,20,Vadodara,0
Sairam Chemist,Pharmacy,4.4,10,Vadodara,0
Apollo Pharmacy Vip Road,Pharmacy,3.7,24,Vadodara,1
Shreeraj Medical Agency,Pharmacy,4.0,8,Vadodara,0
PUSHYA ENTERPRISES,Pharmacy,4.0,1,Vadodara,0
"Medkart Pharmacy - Kanha Heights 1, Soma Talav, Vadodara",Pharmacy,5.0,16,Vadodara,1
Janta medical and general store,Pharmacy,4.6,15,Vadodara,0
GOKUL CHEMIST,Pharmacy,5.0,2,Vadodara,0
Apollo Pharmacy Soma Talav,Pharmacy,4.1,39,Vadodara,1
MM GARAGE (expert mechanical work) vadodara,Car Repair And Maintenance Service,4.0,33,Vadodara,0
Maharashtra Car Bumper Repair,Car Repair And Maintenance Service,5.0,12,Vadodara,0
TAWAKKAL JUMPER,Auto Spring Shop,5.0,445,Vadodara,0
Diamond Meter Repair Works,Car Repair And Maintenance Service,4.5,93,Vadodara,0
Mansuri laining,Car Repair And Maintenance Service,4.9,11,Vadodara,0
Bhavani Motors,Car Repair And Maintenance Service,4.1,56,Vadodara,0
Raja Motors,Car Repair And Maintenance Service,4.6,8,Vadodara,0
F.A.M Car Air Condition,Car Repair And Maintenance Service,5.0,86,Vadodara,0
M.A. Motar Garage,Car Repair And Maintenance Service,5.0,3,Vadodara,0
Vadodara Motors,Car Repair And Maintenance Service,4.7,3,Vadodara,1
Elim Motors,Car Repair And Maintenance Service,4.7,12,Vadodara,0
Welcome motors,Car Repair And Maintenance Service,4.9,17,Vadodara,0
Vihaan Auto Care. Servall,Car Repair And Maintenance Service,5.0,19,Vadodara,1
Car Clinic Maruti Authorised Service Station,Car Repair And Maintenance Service,4.1,69,Vadodara,0
Jitu Auto Garage,Car Repair And Maintenance Service,4.5,38,Vadodara,0
Apna Mechanic,Car Repair And Maintenance Service,4.0,35,Vadodara,1
MOTORWALA CAR CARE,Car Repair And Maintenance Service,5.0,12,Vadodara,0
Ashapura Motors,Car Repair And Maintenance Service,3.4,15,Vadodara,0
S V motors cars repair,Car Repair And Maintenance Service,4.6,10,Vadodara,0
Car Tech Auto Service | Car Denting And Painting Car AC Repair Car Breakdown Service Car Wiring Repair Car Service And Repair,Auto Repair Shop,4.8,20,Vadodara,0
MAHINDRA PARAM WHEELS LLP,Auto Repair Shop,4.2,744,Vadodara,0
Gurukrupa Lari Center,Car Repair And Maintenance Service,4.0,1,Vadodara,0
"New Oasis Batteries - Wholesaler | PowerZone, Amaron | All-Vehicle, Inverter & Commercial",Car Repair And Maintenance Service,4.9,350,Vadodara,0
RAJ AUTO ELECTRIC SERVICE [ PRATAP NAGAR BRANCH ],Car Battery Store,4.2,5,Vadodara,0
Maruti Suzuki: Mayur Service Station,Car Repair And Maintenance Service,3.8,43,Vadodara,0
Doctor Garage,Car Repair And Maintenance Service,4.0,4,Vadodara,1
Perfect Motors,Car Repair And Maintenance Service,4.5,38,Vadodara,0
GoMechanic - PRIYA AUTO CENTRE,Auto Repair Shop,4.9,8,Vadodara,1
Hyundai Service-Car Scanners Gorwa,Car Repair And Maintenance Service,4.5,827,Vadodara,1
Maruti Auto Centre,Car Repair And Maintenance Service,4.9,14,Vadodara,0
Shreedhar Auto,Auto Repair Shop,4.8,4,Vadodara,0
New York Motors,Car Repair And Maintenance Service,4.8,6,Vadodara,0
